{
    "MOHHO": {
        "best_makespan": [
            34.0,
            34.0
        ],
        "normalized_hypervolume": [
            82.19999999999999,
            82.19999999999999
        ],
        "absolute_hypervolume": [
            76.5,
            75.8
        ],
        "spread": [
            8439.431811915316,
            5351.669116350014
        ],
        "multi_objective_spread": [
            1.1732854140302083,
            1.3148055462084904
        ],
        "coverage": [
            0.27941176470588236,
            0.07352941176470588
        ],
        "coverage_pso": [
            0.28,
            0.08
        ],
        "coverage_aco": [
            0.2777777777777778,
            0.05555555555555555
        ],
        "runtimes": [
            30.279723405838013,
            30.455243825912476
        ]
    },
    "PSO": {
        "best_makespan": [
            33.5,
            33.5
        ],
        "normalized_hypervolume": [
            83.7,
            85.1
        ],
        "absolute_hypervolume": [
            83.8,
            80.0
        ],
        "spread": [
            5882.939827081271,
            4598.4743586586965
        ],
        "multi_objective_spread": [
            1.1170939606287618,
            1.062271770998869
        ],
        "coverage": [
            0.6323529411764706,
            0.7058823529411765
        ],
        "coverage_hho": [
            0.56,
            0.72
        ],
        "coverage_aco": [
            0.8333333333333334,
            0.6666666666666666
        ],
        "runtimes": [
            30.00843071937561,
            30.07879638671875
        ]
    },
    "MOACO": {
        "best_makespan": [
            33.5,
            33.5
        ],
        "normalized_hypervolume": [
            85.8,
            90.9
        ],
        "absolute_hypervolume": [
            73.4,
            75.6
        ],
        "spread": [
            5219.217499530381,
            5632.026498773791
        ],
        "multi_objective_spread": [
            0.9236644970355412,
            0.8584763239019982
        ],
        "coverage": [
            0.13,
            0.18
        ],
        "coverage_pso": [
            0.04,
            0.0
        ],
        "coverage_hho": [
            0.22,
            0.36
        ],
        "runtimes": [
            31.150444507598877,
            30.978628635406494
        ]
    },
    "Baseline": {
        "makespan": [
            65.0,
            65.0
        ]
    },
    "Generational_Distance": {
        "MOHHO": [
            809.2665097360164,
            286.67406967952
        ],
        "PSO": [
            50.628529057393465,
            85.26403174756445
        ],
        "MOACO": [
            288.1871498099827,
            322.2520366911092
        ]
    }
}