{
    "MOHHO": {
        "best_makespan": [
            282.19383594383396,
            282.19383594383396
        ],
        "normalized_hypervolume": [
            46.00000000000001,
            46.00000000000001
        ],
        "spread": [
            4043.422357997483,
            4097.177923839667
        ]
    },
    "PSO": {
        "best_makespan": [
            282.19383594383396,
            282.19383594383396
        ],
        "normalized_hypervolume": [
            48.0,
            49.0
        ],
        "spread": [
            3658.4456752473725,
            3395.940206875193
        ]
    },
    "MOACO": {
        "best_makespan": [
            282.19383594383396,
            282.19383594383396
        ],
        "normalized_hypervolume": [
            82.0,
            62.0
        ],
        "spread": [
            1362.8034010094013,
            2052.4149732129094
        ]
    },
    "Baseline": {
        "makespan": [
            371.35812165811967,
            371.35812165811967
        ]
    },
    "Generational_Distance": {
        "MOHHO": [
            9.965623859519274,
            19.992141330109423
        ],
        "PSO": [
            9.692859266338992,
            2.1106547127492195
        ],
        "MOACO": [
            10.80719999473548,
            9.105976541721786
        ]
    }
}