{
    "MOHHO": {
        "best_makespan": [
            274.70238095238096,
            278.45238095238096,
            274.70238095238096,
            259.77891156462584,
            286.3095238095238
        ],
        "normalized_hypervolume": [
            56.8,
            43.8,
            59.599999999999994,
            55.1,
            52.5
        ],
        "absolute_hypervolume": [
            42.8,
            42.6,
            44.4,
            46.800000000000004,
            35.699999999999996
        ],
        "spread": [
            5354.412492675236,
            4911.304940818582,
            4796.620081100298,
            3688.4768862810915,
            4409.137559716732
        ]
    },
    "PSO": {
        "best_makespan": [
            278.45238095238096,
            263.0952380952381,
            263.0952380952381,
            278.45238095238096,
            282.99319727891157
        ],
        "normalized_hypervolume": [
            57.099999999999994,
            48.5,
            51.2,
            65.9,
            58.8
        ],
        "absolute_hypervolume": [
            39.900000000000006,
            46.1,
            47.099999999999994,
            40.1,
            44.2
        ],
        "spread": [
            4957.971907633216,
            5622.831639567428,
            5695.30583688068,
            3628.6626089272063,
            5004.789576152565
        ]
    },
    "MOACO": {
        "best_makespan": [
            278.45238095238096,
            278.45238095238096,
            278.45238095238096,
            278.45238095238096,
            259.77891156462584
        ],
        "normalized_hypervolume": [
            85.8,
            85.5,
            84.0,
            88.6,
            76.8
        ],
        "absolute_hypervolume": [
            19.3,
            19.7,
            22.6,
            16.0,
            30.9
        ],
        "spread": [
            746.8086013331899,
            999.3418585428338,
            838.9283996739706,
            1029.4700739219388,
            1489.9886548473407
        ]
    },
    "Baseline": {
        "makespan": [
            517.5,
            517.5,
            517.5,
            517.5,
            517.5
        ]
    },
    "Generational_Distance": {
        "MOHHO": [
            60.97666845953156,
            52.29345870064289,
            32.841996763320566,
            15.797630170858183,
            115.86016737069409
        ],
        "PSO": [
            79.49881338475564,
            33.47369793729912,
            28.17062708830932,
            52.55652043019088,
            54.454526395398524
        ],
        "MOACO": [
            0.03426870748299393,
            0.07185374149660106,
            0.26641156462585175,
            0.08069727891156503,
            0.03426870748299393
        ]
    }
}