{
    "MOHHO": {
        "best_makespan": [
            124.0,
            126.5
        ],
        "normalized_hypervolume": [
            85.6,
            80.7
        ],
        "absolute_hypervolume": [
            64.5,
            50.1
        ],
        "spread": [
            24644.427685155883,
            37065.79302206966
        ],
        "multi_objective_spread": [
            0.99933523262403,
            1.0370317267395042
        ],
        "coverage": [
            0.36507936507936506,
            0.2
        ],
        "coverage_pso": [
            0.2,
            0.06
        ],
        "coverage_aco": [
            1.0,
            0.9
        ],
        "runtimes": [
            180.39487290382385,
            181.24111032485962
        ]
    },
    "PSO": {
        "best_makespan": [
            121.0,
            121.0
        ],
        "normalized_hypervolume": [
            86.0,
            87.60000000000001
        ],
        "absolute_hypervolume": [
            78.4,
            80.30000000000001
        ],
        "spread": [
            26811.286493615764,
            23553.372783968527
        ],
        "multi_objective_spread": [
            1.054220129263554,
            0.9423267094830953
        ],
        "coverage": [
            0.8253968253968254,
            0.8
        ],
        "coverage_hho": [
            0.78,
            0.76
        ],
        "coverage_aco": [
            1.0,
            1.0
        ],
        "runtimes": [
            180.01282405853271,
            180.86600518226624
        ]
    },
    "MOACO": {
        "best_makespan": [
            133.5,
            137.0
        ],
        "normalized_hypervolume": [
            78.5,
            82.1
        ],
        "absolute_hypervolume": [
            22.7,
            19.7
        ],
        "spread": [
            8450.522983131732,
            11210.672281516881
        ],
        "multi_objective_spread": [
            0.9006541421413273,
            0.8976555037509723
        ],
        "coverage": [
            0.0,
            0.0
        ],
        "coverage_pso": [
            0.0,
            0.0
        ],
        "coverage_hho": [
            0.0,
            0.0
        ],
        "runtimes": [
            187.6243233680725,
            183.05072689056396
        ]
    },
    "Baseline": {
        "makespan": [
            146.5,
            146.5
        ]
    },
    "NSGAII": {
        "best_makespan": [
            121.0,
            121.0
        ],
        "normalized_hypervolume": [
            91.2,
            92.20000000000002
        ],
        "absolute_hypervolume": [
            90.10000000000001,
            91.3
        ],
        "spread": [
            17764.272410979353,
            17764.272410979353
        ],
        "multi_objective_spread": [
            1.1076303844585478,
            1.1076303844585478
        ],
        "coverage": [],
        "runtimes": [
            159.60630440711975,
            152.56415629386902
        ]
    },
    "Generational_Distance": {
        "MOHHO": [
            933.6362714063005,
            4329.0925326562565
        ],
        "PSO": [
            1219.4389512031485,
            1000.2705738707684
        ],
        "MOACO": [
            2171.811414507617,
            3136.3554934808735
        ],
        "NSGAII": [
            4.865635254450162,
            4.865635254450162
        ]
    }
}