{
    "MOHHO": {
        "normalized_hypervolume": [
            63.9
        ],
        "absolute_hypervolume": [
            67.5
        ],
        "spread": [
            10634.687052990981
        ],
        "multi_objective_spread": [
            1.3415629641447626
        ],
        "coverage": [
            0.06167400881057269
        ],
        "coverage_pso": [
            0.02,
            0.02
        ],
        "coverage_aco": [
            0.2962962962962963,
            0.2962962962962963
        ],
        "runtimes": [
            5.0986902713775635
        ]
    },
    "PSO": {
        "normalized_hypervolume": [
            68.7
        ],
        "absolute_hypervolume": [
            71.6
        ],
        "spread": [
            8434.592174943851
        ],
        "multi_objective_spread": [
            1.3692890316815316
        ],
        "coverage": [
            0.3876651982378855
        ],
        "coverage_hho": [
            0.56,
            0.56
        ],
        "coverage_aco": [
            0.9629629629629629,
            0.9629629629629629
        ],
        "runtimes": [
            5.191439390182495
        ]
    },
    "MOACO": {
        "normalized_hypervolume": [
            73.9
        ],
        "absolute_hypervolume": [
            64.5
        ],
        "spread": [
            6030.716356507902
        ],
        "multi_objective_spread": [
            0.9797942117528834
        ],
        "coverage": [
            0.07666666666666666
        ],
        "coverage_pso": [
            0.0,
            0.0
        ],
        "coverage_hho": [
            0.23,
            0.23
        ],
        "runtimes": [
            5.3253493309021
        ]
    },
    "NSGAII": {
        "normalized_hypervolume": [
            78.9
        ],
        "absolute_hypervolume": [
            79.7
        ],
        "spread": [
            5892.659242545425
        ],
        "multi_objective_spread": [
            1.1288073485474504
        ],
        "coverage": [
            0.7268722466960352
        ],
        "runtimes": [
            5.018428087234497
        ]
    },
    "Generational_Distance": {
        "MOHHO": [
            1082.1746015413903
        ],
        "PSO": [
            494.3399505784222
        ],
        "MOACO": [
            398.6043594074396
        ],
        "NSGAII": [
            8.003882418111367
        ]
    }
}