{
    "MOHHO": {
        "normalized_hypervolume": [
            55.400000000000006
        ],
        "absolute_hypervolume": [
            48.699999999999996
        ],
        "spread": [
            192796.76370190218
        ],
        "multi_objective_spread": [
            1.1785795599012339
        ],
        "coverage": [
            0.17796610169491525
        ],
        "coverage_pso": [
            0.36
        ],
        "coverage_aco": [
            0.0
        ],
        "coverage_nsga": [
            0.04411764705882353
        ],
        "runtimes": [
            34.5391948223114
        ]
    },
    "PSO": {
        "normalized_hypervolume": [
            63.9
        ],
        "absolute_hypervolume": [
            46.6
        ],
        "spread": [
            182078.00743704944
        ],
        "multi_objective_spread": [
            1.224285666701319
        ],
        "coverage": [
            0.125
        ],
        "coverage_hho": [
            0.28846153846153844
        ],
        "coverage_aco": [
            0.0
        ],
        "coverage_nsga": [
            0.0
        ],
        "runtimes": [
            31.715821504592896
        ]
    },
    "MOACO": {
        "normalized_hypervolume": [
            0.0
        ],
        "absolute_hypervolume": [
            0.0
        ],
        "spread": [
            0.0
        ],
        "multi_objective_spread": [
            0.0
        ],
        "coverage": [
            0.0
        ],
        "coverage_pso": [
            0.0
        ],
        "coverage_hho": [
            0.0
        ],
        "coverage_nsga": [
            0.0
        ],
        "runtimes": [
            67.02541518211365
        ]
    },
    "NSGAII": {
        "normalized_hypervolume": [
            81.8
        ],
        "absolute_hypervolume": [
            57.3
        ],
        "spread": [
            121962.43944062472
        ],
        "multi_objective_spread": [
            0.9780529952784683
        ],
        "coverage": [
            0.5980392156862745
        ],
        "coverage_pso": [
            0.76
        ],
        "coverage_hho": [
            0.4423076923076923
        ],
        "coverage_aco": [
            0.0
        ],
        "runtimes": [
            32.11075758934021
        ]
    },
    "Generational_Distance": {
        "MOHHO": [
            1567.9617081164492
        ],
        "PSO": [
            1786.7852437910549
        ],
        "MOACO": [
            -1
        ],
        "NSGAII": [
            175.66868126022285
        ]
    }
}