{
    "MOHHO": {
        "best_makespan": [
            259.77891156462584,
            259.77891156462584,
            259.77891156462584,
            259.77891156462584,
            259.77891156462584,
            259.77891156462584,
            259.04761904761904,
            259.77891156462584,
            259.77891156462584,
            259.77891156462584
        ],
        "normalized_hypervolume": [
            51.0,
            47.0,
            45.0,
            54.0,
            49.0,
            56.99999999999999,
            53.0,
            49.0,
            51.0,
            49.0
        ],
        "spread": [
            6733.993296575086,
            6587.825931162011,
            6694.631743366055,
            6706.46214632244,
            6554.603553362494,
            6402.305527955269,
            6671.864332663745,
            6686.790775533022,
            6597.146016130047,
            6523.012783082278
        ]
    },
    "PSO": {
        "best_makespan": [
            259.77891156462584,
            259.77891156462584,
            259.77891156462584,
            259.77891156462584,
            259.77891156462584,
            259.77891156462584,
            259.77891156462584,
            259.77891156462584,
            259.77891156462584,
            259.77891156462584
        ],
        "normalized_hypervolume": [
            44.99999999999999,
            57.99999999999999,
            48.0,
            49.0,
            51.0,
            51.0,
            45.0,
            56.99999999999999,
            45.00000000000001,
            49.0
        ],
        "spread": [
            6379.646038128685,
            6552.937538813706,
            6580.788868920632,
            6547.886307717743,
            6424.433465868075,
            6587.743322999795,
            6714.340956868587,
            6630.041669885722,
            6524.795829575169,
            6564.4957383734245
        ]
    },
    "MOACO": {
        "best_makespan": [
            278.45238095238096,
            274.70238095238096,
            267.73809523809524,
            278.45238095238096,
            278.45238095238096,
            267.73809523809524,
            263.0952380952381,
            263.0952380952381,
            267.73809523809524,
            278.45238095238096
        ],
        "normalized_hypervolume": [
            90.0,
            69.0,
            83.0,
            82.0,
            86.0,
            88.0,
            83.0,
            82.0,
            66.0,
            82.0
        ],
        "spread": [
            1381.6914659265951,
            1966.8223851190066,
            1395.9726184951658,
            1639.078163314263,
            1531.533590777094,
            1881.7174357655151,
            1617.6191919089397,
            1724.9021889493813,
            1784.9261431395832,
            1500.656387679832
        ]
    },
    "Baseline": {
        "makespan": [
            517.5,
            517.5,
            517.5,
            517.5,
            517.5,
            517.5,
            517.5,
            517.5,
            517.5,
            517.5
        ]
    },
    "Generational_Distance": {
        "MOHHO": [
            19.606427106219922,
            16.73094490738802,
            28.30877222625265,
            13.914371362087541,
            21.435978793753282,
            31.383874089580708,
            12.377095819544065,
            23.311162006651603,
            24.52957533280618,
            29.0455713750562
        ],
        "PSO": [
            18.787015696810304,
            21.17764491506869,
            10.538547290322315,
            10.129258370656393,
            14.344013819734306,
            7.813657662933278,
            13.186282560019999,
            9.510028898162231,
            19.39737406456185,
            12.578699334163982
        ],
        "MOACO": [
            0.6687927642596543,
            1.9466849064630423,
            0.5383504555211776,
            2.8144859485752223,
            2.280358033541526,
            3.4761355496653867,
            1.428231407901545,
            1.3531334321542567,
            1.561990189690784,
            0.7163269756702073
        ]
    }
}