{
    "MOHHO": {
        "best_makespan": [],
        "normalized_hypervolume": [
            65.3
        ],
        "absolute_hypervolume": [
            64.2
        ],
        "spread": [
            7167.114667544517
        ],
        "multi_objective_spread": [
            1.3879700554148509
        ],
        "coverage": [
            0.1206896551724138
        ],
        "coverage_pso": [
            0.02
        ],
        "coverage_aco": [
            0.65625
        ],
        "runtimes": [
            30.0761456489563
        ]
    },
    "PSO": {
        "best_makespan": [],
        "normalized_hypervolume": [
            70.1
        ],
        "absolute_hypervolume": [
            67.60000000000001
        ],
        "spread": [
            7820.9961729545
        ],
        "multi_objective_spread": [
            1.150529367648075
        ],
        "coverage": [
            0.33189655172413796
        ],
        "coverage_hho": [
            0.4
        ],
        "coverage_aco": [
            1.0
        ],
        "runtimes": [
            30.05485725402832
        ]
    },
    "MOACO": {
        "best_makespan": [],
        "normalized_hypervolume": [
            69.69999999999999
        ],
        "absolute_hypervolume": [
            63.1
        ],
        "spread": [
            6937.363200053287
        ],
        "multi_objective_spread": [
            0.9195853183795862
        ],
        "coverage": [
            0.04
        ],
        "coverage_pso": [
            0.0
        ],
        "coverage_hho": [
            0.12
        ],
        "runtimes": [
            30.411360502243042
        ]
    },
    "Baseline": {
        "makespan": [
            56.0
        ]
    },
    "NSGAII": {
        "best_makespan": [],
        "normalized_hypervolume": [
            75.5
        ],
        "absolute_hypervolume": [
            72.0
        ],
        "spread": [
            6326.707366402069
        ],
        "multi_objective_spread": [
            1.0618509681257469
        ],
        "coverage": [
            0.646551724137931
        ],
        "runtimes": [
            30.03988003730774
        ]
    },
    "Generational_Distance": {
        "MOHHO": [
            227.25693417333366
        ],
        "PSO": [
            252.43105914302419
        ],
        "MOACO": [
            251.0220040036773
        ],
        "NSGAII": [
            9.631521321707353
        ]
    }
}