{
    "MOHHO": {
        "best_makespan": [
            255.35714285714283,
            259.77891156462584,
            255.35714285714283,
            259.77891156462584,
            257.29166666666663,
            255.35714285714283,
            259.77891156462584,
            255.35714285714283,
            257.29166666666663,
            257.29166666666663
        ],
        "hypervolume": [
            0.0,
            0.0,
            0.0,
            0.0,
            0.0,
            0.0,
            0.0,
            0.0,
            0.0,
            0.0
        ],
        "spread": [
            6603.463957127067,
            6796.160204215072,
            6727.524271515484,
            6564.8054157414335,
            6711.388543259899,
            6798.0476717860965,
            6571.209723378436,
            6728.7668427684475,
            6748.246370923239,
            6817.127221538309
        ]
    },
    "PSO": {
        "best_makespan": [
            255.35714285714283,
            255.35714285714283,
            255.35714285714283,
            255.35714285714283,
            255.35714285714283,
            255.35714285714283,
            255.35714285714283,
            255.35714285714283,
            255.35714285714283,
            255.35714285714283
        ],
        "hypervolume": [
            0.0,
            0.0,
            0.0,
            0.0,
            0.0,
            0.0,
            0.0,
            0.0,
            0.0,
            0.0
        ],
        "spread": [
            6263.168055631956,
            6694.866437866077,
            6713.676339079783,
            6565.649434016504,
            6619.980687487352,
            6703.371282047881,
            6463.574978489334,
            6422.629109108665,
            6375.803511517109,
            6547.722894991481
        ]
    },
    "MOACO": {
        "best_makespan": [
            278.45238095238096,
            274.70238095238096,
            267.73809523809524,
            278.45238095238096,
            278.45238095238096,
            257.29166666666663,
            263.0952380952381,
            263.0952380952381,
            267.73809523809524,
            278.45238095238096
        ],
        "hypervolume": [
            0.0,
            0.0,
            0.0,
            0.0,
            0.0,
            0.0,
            0.0,
            0.0,
            0.0,
            0.0
        ],
        "spread": [
            1381.6914659265951,
            1966.8223851190066,
            1395.9726184951658,
            1639.078163314263,
            1531.533590777094,
            1827.9273610285134,
            1617.6191919089397,
            1724.9021889493813,
            1784.9261751253273,
            1500.656387679832
        ]
    },
    "Baseline": {
        "makespan": [
            517.5,
            517.5,
            517.5,
            517.5,
            517.5,
            517.5,
            517.5,
            517.5,
            517.5,
            517.5
        ]
    },
    "Generational_Distance": {
        "MOHHO": [
            23.488602387491984,
            23.564992612808478,
            31.13247522682807,
            26.974520981464295,
            11.766541621458346,
            29.76043752516844,
            24.40716814587326,
            24.32510501853641,
            15.948903087126887,
            31.59652864898939
        ],
        "PSO": [
            15.742921105497755,
            12.059522743304871,
            13.95726317577755,
            21.09032500281533,
            14.954840251587388,
            14.35720574428674,
            12.976162728013124,
            20.483694785661637,
            10.032280107153053,
            9.770378017445436
        ],
        "MOACO": [
            0.6610545371535395,
            2.922005843968697,
            0.6079933126640342,
            3.1711751834012536,
            4.0165797286422436,
            1.191739195871388,
            1.5973640609627702,
            1.4066808298670173,
            1.6583062689692634,
            0.8666671758261932
        ]
    }
}