{
    "MOHHO": {
        "best_makespan": [
            545.5,
            547.0
        ],
        "normalized_hypervolume": [
            52.800000000000004,
            41.3
        ],
        "absolute_hypervolume": [
            46.9,
            42.8
        ],
        "spread": [
            179905.0608873092,
            217512.03170648258
        ],
        "multi_objective_spread": [
            1.1309844020058444,
            1.1827362728418498
        ],
        "coverage": [
            0.6428571428571429,
            0.1111111111111111
        ],
        "coverage_pso": [
            0.6,
            0.11764705882352941
        ],
        "coverage_aco": [
            0.75,
            0.09090909090909091
        ],
        "runtimes": [
            39.29901170730591,
            37.51179599761963
        ]
    },
    "PSO": {
        "best_makespan": [
            536.0,
            535.5
        ],
        "normalized_hypervolume": [
            64.5,
            72.3
        ],
        "absolute_hypervolume": [
            41.5,
            42.1
        ],
        "spread": [
            107662.71591451718,
            133740.4923043047
        ],
        "multi_objective_spread": [
            1.14296410386651,
            1.1477427519559553
        ],
        "coverage": [
            0.3787878787878788,
            0.375
        ],
        "coverage_hho": [
            0.2,
            0.28888888888888886
        ],
        "coverage_aco": [
            0.9375,
            0.7272727272727273
        ],
        "runtimes": [
            37.21102237701416,
            33.52398347854614
        ]
    },
    "MOACO": {
        "best_makespan": [
            556.5,
            553.5
        ],
        "normalized_hypervolume": [
            80.5,
            80.69999999999999
        ],
        "absolute_hypervolume": [
            30.599999999999998,
            34.300000000000004
        ],
        "spread": [
            78187.43277756084,
            72534.51665589106
        ],
        "multi_objective_spread": [
            0.8708301728249106,
            0.8912200373698989
        ],
        "coverage": [
            0.0,
            0.11392405063291139
        ],
        "coverage_pso": [
            0.0,
            0.0
        ],
        "coverage_hho": [
            0.0,
            0.2
        ],
        "runtimes": [
            570.3192615509033,
            569.52476811409
        ]
    },
    "Baseline": {
        "makespan": [
            1090.0,
            1090.0
        ]
    },
    "Generational_Distance": {
        "MOHHO": [
            2257.702188441841,
            2234.221723839413
        ],
        "PSO": [
            6670.953257581283,
            2128.972773559439
        ],
        "MOACO": [
            4989.407400885281,
            5181.404904587728
        ]
    }
}