{
    "MOHHO": {
        "best_makespan": [
            34.0,
            34.0
        ],
        "normalized_hypervolume": [
            70.7,
            72.0
        ],
        "absolute_hypervolume": [
            64.60000000000001,
            66.9
        ],
        "spread": [
            5885.053769390008,
            8323.023198211042
        ],
        "multi_objective_spread": [
            1.4743537902925,
            1.374632783688476
        ],
        "coverage": [
            0.06521739130434782,
            0.5087719298245614
        ],
        "coverage_pso": [
            0.04878048780487805,
            0.54
        ],
        "coverage_aco": [
            0.2,
            0.2857142857142857
        ],
        "runtimes": [
            1.2003540992736816,
            1.1197364330291748
        ]
    },
    "PSO": {
        "best_makespan": [
            34.5,
            34.0
        ],
        "normalized_hypervolume": [
            82.69999999999999,
            83.1
        ],
        "absolute_hypervolume": [
            73.8,
            74.6
        ],
        "spread": [
            4912.551418010146,
            6084.853916886319
        ],
        "multi_objective_spread": [
            1.251533889160866,
            1.414787612842207
        ],
        "coverage": [
            0.36538461538461536,
            0.3157894736842105
        ],
        "coverage_hho": [
            0.3404255319148936,
            0.26
        ],
        "coverage_aco": [
            0.6,
            0.7142857142857143
        ],
        "runtimes": [
            0.4961528778076172,
            0.7348184585571289
        ]
    },
    "MOACO": {
        "best_makespan": [
            34.0,
            34.0
        ],
        "normalized_hypervolume": [
            92.5,
            89.1
        ],
        "absolute_hypervolume": [
            60.3,
            64.1
        ],
        "spread": [
            5344.041330105939,
            4714.28634925302
        ],
        "multi_objective_spread": [
            0.9739370227107692,
            0.8661247616698068
        ],
        "coverage": [
            0.10227272727272728,
            0.13
        ],
        "coverage_pso": [
            0.04878048780487805,
            0.08
        ],
        "coverage_hho": [
            0.14893617021276595,
            0.18
        ],
        "runtimes": [
            3.224153518676758,
            3.5769107341766357
        ]
    },
    "Baseline": {
        "makespan": [
            65.0,
            65.0
        ]
    },
    "Generational_Distance": {
        "MOHHO": [
            522.131010167148,
            953.6274085332948
        ],
        "PSO": [
            87.80541775325645,
            657.7942982326676
        ],
        "MOACO": [
            536.1195960764802,
            225.72940560465864
        ]
    }
}