{
    "MOHHO": {
        "best_makespan": [
            34.0,
            34.0
        ],
        "normalized_hypervolume": [
            83.5,
            82.30000000000001
        ],
        "absolute_hypervolume": [
            76.2,
            74.5
        ],
        "spread": [
            12015.405700384506,
            11731.670230368054
        ],
        "multi_objective_spread": [
            1.4141879752260218,
            1.2906494870857255
        ],
        "coverage": [
            0.24,
            0.29
        ],
        "coverage_pso": [
            0.32,
            0.36
        ],
        "coverage_aco": [
            0.16,
            0.22
        ],
        "runtimes": [
            8.079121112823486,
            7.480659484863281
        ]
    },
    "PSO": {
        "best_makespan": [
            33.5,
            33.5
        ],
        "normalized_hypervolume": [
            87.2,
            83.39999999999999
        ],
        "absolute_hypervolume": [
            83.39999999999999,
            83.7
        ],
        "spread": [
            4476.989847419674,
            5684.717578832398
        ],
        "multi_objective_spread": [
            1.1716463764315959,
            1.1122933911613906
        ],
        "coverage": [
            0.8,
            0.85
        ],
        "coverage_hho": [
            0.64,
            0.74
        ],
        "coverage_aco": [
            0.96,
            0.96
        ],
        "runtimes": [
            13.9834566116333,
            11.399970293045044
        ]
    },
    "MOACO": {
        "best_makespan": [
            35.5,
            36.0
        ],
        "normalized_hypervolume": [
            64.0,
            53.6
        ],
        "absolute_hypervolume": [
            57.9,
            46.1
        ],
        "spread": [
            4513.258942549806,
            4988.703242082132
        ],
        "multi_objective_spread": [
            1.5009072293239936,
            1.4558112613399
        ],
        "coverage": [
            0.0,
            0.04
        ],
        "coverage_pso": [
            0.0,
            0.08
        ],
        "coverage_hho": [
            0.0,
            0.0
        ],
        "runtimes": [
            21.41592526435852,
            18.6136953830719
        ]
    },
    "Baseline": {
        "makespan": [
            66.5,
            66.5
        ]
    },
    "Generational_Distance": {
        "MOHHO": [
            3367.601856358622,
            2701.476039041994
        ],
        "PSO": [
            148.86332052620494,
            92.21950624549548
        ],
        "MOACO": [
            5704.4414441432655,
            5299.213326098306
        ]
    }
}