{
    "MOHHO": {
        "best_makespan": [
            34.0,
            34.0,
            34.0,
            34.5,
            34.0
        ],
        "normalized_hypervolume": [
            86.1,
            82.19999999999999,
            83.5,
            82.3,
            76.70000000000002
        ],
        "absolute_hypervolume": [
            78.7,
            76.6,
            77.4,
            73.1,
            75.6
        ],
        "spread": [
            5699.659154827374,
            4759.484040883251,
            4680.014814316684,
            4681.486466913488,
            4770.111791119611
        ],
        "multi_objective_spread": [
            1.3084840295402305,
            1.1280964018006594,
            1.2913399410486264,
            1.3066540249622138,
            1.1606768499515103
        ],
        "coverage": [
            0.21794871794871795,
            0.14942528735632185,
            0.20512820512820512,
            0.09090909090909091,
            0.12
        ],
        "coverage_pso": [
            0.22,
            0.1,
            0.28,
            0.08,
            0.16
        ],
        "coverage_aco": [
            0.21428571428571427,
            0.21621621621621623,
            0.07142857142857142,
            0.1111111111111111,
            0.04
        ],
        "runtimes": [
            12.649075746536255,
            12.805505514144897,
            15.51366925239563,
            11.434831857681274,
            13.375792026519775
        ]
    },
    "PSO": {
        "best_makespan": [
            34.0,
            34.0,
            34.0,
            34.0,
            34.0
        ],
        "normalized_hypervolume": [
            84.8,
            85.6,
            86.4,
            82.69999999999999,
            87.20000000000002
        ],
        "absolute_hypervolume": [
            84.5,
            80.30000000000001,
            83.39999999999999,
            84.89999999999999,
            82.3
        ],
        "spread": [
            5426.71485163521,
            5976.874555987674,
            5012.464208326766,
            5227.106501498695,
            4739.766660672125
        ],
        "multi_objective_spread": [
            1.1141504852466735,
            1.130785798348749,
            1.1552749742773993,
            1.1444363163469664,
            1.1079831582006008
        ],
        "coverage": [
            0.358974358974359,
            0.5402298850574713,
            0.41025641025641024,
            0.8441558441558441,
            0.52
        ],
        "coverage_hho": [
            0.36,
            0.62,
            0.4,
            0.92,
            0.52
        ],
        "coverage_aco": [
            0.35714285714285715,
            0.43243243243243246,
            0.42857142857142855,
            0.7037037037037037,
            0.52
        ],
        "runtimes": [
            20.346707820892334,
            20.158055543899536,
            24.35045337677002,
            19.023287534713745,
            20.877527952194214
        ]
    },
    "MOACO": {
        "best_makespan": [
            34.0,
            34.0,
            34.0,
            34.0,
            34.0
        ],
        "normalized_hypervolume": [
            81.39999999999999,
            82.0,
            79.80000000000001,
            84.99999999999999,
            83.5
        ],
        "absolute_hypervolume": [
            81.0,
            81.8,
            80.60000000000001,
            83.0,
            81.10000000000001
        ],
        "spread": [
            6356.212253004229,
            6468.494561408436,
            6525.834688919781,
            6063.260431316788,
            6576.0212301656775
        ],
        "multi_objective_spread": [
            1.0455682783615867,
            1.115377230554067,
            1.07928553455356,
            1.0811552206686317,
            1.001945881814033
        ],
        "coverage": [
            0.3,
            0.41,
            0.56,
            0.41,
            0.43
        ],
        "coverage_pso": [
            0.36,
            0.34,
            0.34,
            0.08,
            0.16
        ],
        "coverage_hho": [
            0.24,
            0.48,
            0.78,
            0.74,
            0.7
        ],
        "runtimes": [
            40.18477177619934,
            37.91721296310425,
            40.64982008934021,
            37.404043197631836,
            38.045636892318726
        ]
    },
    "Baseline": {
        "makespan": [
            67.0,
            67.0,
            67.0,
            67.0,
            67.0
        ]
    },
    "Generational_Distance": {
        "MOHHO": [
            582.0992304700837,
            102.40466220753919,
            235.4229419558789,
            306.34434715459423,
            103.40543609192952
        ],
        "PSO": [
            88.6327610631235,
            106.92740165598289,
            67.19382622511525,
            80.231138823075,
            73.32402368611066
        ],
        "MOACO": [
            140.80378380760115,
            126.08046612427424,
            108.99758404326394,
            124.85626576669004,
            91.4749995177479
        ]
    }
}