{
    "MOHHO": {
        "best_makespan": [
            125.0,
            123.0
        ],
        "normalized_hypervolume": [
            70.1,
            85.5
        ],
        "absolute_hypervolume": [
            59.9,
            71.2
        ],
        "spread": [
            40439.4628516231,
            27821.40768064773
        ],
        "multi_objective_spread": [
            0.8508231531739496,
            0.9567278386418843
        ],
        "coverage": [
            0.2459016393442623,
            0.36923076923076925
        ],
        "coverage_pso": [
            0.1,
            0.18
        ],
        "coverage_aco": [
            0.9090909090909091,
            1.0
        ],
        "runtimes": [
            180.30872082710266,
            181.27154994010925
        ]
    },
    "PSO": {
        "best_makespan": [
            121.0,
            121.0
        ],
        "normalized_hypervolume": [
            87.1,
            91.30000000000001
        ],
        "absolute_hypervolume": [
            83.3,
            77.4
        ],
        "spread": [
            27539.189196449042,
            17795.25296745862
        ],
        "multi_objective_spread": [
            1.0327267137124032,
            1.0418431839119793
        ],
        "coverage": [
            0.9344262295081968,
            0.8153846153846154
        ],
        "coverage_hho": [
            0.92,
            0.76
        ],
        "coverage_aco": [
            1.0,
            1.0
        ],
        "runtimes": [
            180.2669394016266,
            180.4656467437744
        ]
    },
    "MOACO": {
        "best_makespan": [
            135.0,
            138.0
        ],
        "normalized_hypervolume": [
            86.8,
            85.39999999999999
        ],
        "absolute_hypervolume": [
            25.8,
            20.7
        ],
        "spread": [
            8346.612388955575,
            11567.648561683425
        ],
        "multi_objective_spread": [
            0.8340540262524283,
            0.9241933637507144
        ],
        "coverage": [
            0.0,
            0.0
        ],
        "coverage_pso": [
            0.0,
            0.0
        ],
        "coverage_hho": [
            0.0,
            0.0
        ],
        "runtimes": [
            206.10938620567322,
            192.0999400615692
        ]
    },
    "Baseline": {
        "makespan": [
            146.5,
            146.5
        ]
    },
    "NSGAII": {
        "best_makespan": [
            122.0,
            122.0
        ],
        "normalized_hypervolume": [
            93.30000000000001,
            94.0
        ],
        "absolute_hypervolume": [
            82.1,
            83.5
        ],
        "spread": [
            16507.196188697064,
            16507.196188697064
        ],
        "multi_objective_spread": [
            1.070953441955899,
            1.070953441955899
        ],
        "coverage": [],
        "runtimes": [
            148.8260018825531,
            152.2562484741211
        ]
    },
    "Generational_Distance": {
        "MOHHO": [
            4075.978993703801,
            343.73576801381415
        ],
        "PSO": [
            37.36704803540763,
            206.0750090061479
        ],
        "MOACO": [
            587.4764652426337,
            766.7958635323628
        ],
        "NSGAII": [
            9.00000000092748,
            9.00000000092748
        ]
    }
}