{
    "MOHHO": {
        "best_makespan": [
            122.0,
            121.5
        ],
        "normalized_hypervolume": [
            75.4,
            84.00000000000001
        ],
        "absolute_hypervolume": [
            63.3,
            77.7
        ],
        "spread": [
            40490.607172556374,
            32130.53425747385
        ],
        "multi_objective_spread": [
            1.0153290945076996,
            0.9893249544937586
        ],
        "coverage": [
            0.29508196721311475,
            0.18333333333333332
        ],
        "coverage_pso": [
            0.14,
            0.02
        ],
        "coverage_aco": [
            1.0,
            1.0
        ],
        "runtimes": [
            180.83552479743958,
            180.26837611198425
        ]
    },
    "PSO": {
        "best_makespan": [
            121.0,
            121.0
        ],
        "normalized_hypervolume": [
            88.9,
            84.6
        ],
        "absolute_hypervolume": [
            76.9,
            83.6
        ],
        "spread": [
            26115.49524409813,
            30844.996627604152
        ],
        "multi_objective_spread": [
            0.9942672296793509,
            0.8729596670567886
        ],
        "coverage": [
            0.7868852459016393,
            0.9
        ],
        "coverage_hho": [
            0.74,
            0.88
        ],
        "coverage_aco": [
            1.0,
            1.0
        ],
        "runtimes": [
            180.91346621513367,
            180.3446946144104
        ]
    },
    "MOACO": {
        "best_makespan": [
            139.0,
            135.5
        ],
        "normalized_hypervolume": [
            92.4,
            88.30000000000001
        ],
        "absolute_hypervolume": [
            20.0,
            22.7
        ],
        "spread": [
            11300.375191625062,
            16091.782289193761
        ],
        "multi_objective_spread": [
            0.9178698556039194,
            0.8185633439996579
        ],
        "coverage": [
            0.0,
            0.0
        ],
        "coverage_pso": [
            0.0,
            0.0
        ],
        "coverage_hho": [
            0.0,
            0.0
        ],
        "runtimes": [
            201.2902388572693,
            194.8395185470581
        ]
    },
    "Baseline": {
        "makespan": [
            146.5,
            146.5
        ]
    },
    "NSGAII": {
        "best_makespan": [
            122.0,
            122.0
        ],
        "normalized_hypervolume": [
            93.4,
            94.8
        ],
        "absolute_hypervolume": [
            79.9,
            81.8
        ],
        "spread": [
            16507.196188697064,
            16507.196188697064
        ],
        "multi_objective_spread": [
            1.1051273084265707,
            1.1051273084265707
        ],
        "coverage": [],
        "runtimes": [
            166.6758508682251,
            167.1947271823883
        ]
    },
    "Generational_Distance": {
        "MOHHO": [
            2069.2987430521985,
            336.8926186186893
        ],
        "PSO": [
            199.7433531756784,
            60.017857708930066
        ],
        "MOACO": [
            285.4251413526406,
            691.5627201438035
        ],
        "NSGAII": [
            9.00000000092748,
            9.00000000092748
        ]
    }
}