{
    "MOHHO": {
        "normalized_hypervolume": [
            65.3
        ],
        "absolute_hypervolume": [
            113765.86508828848
        ],
        "spread": [
            1305.155225494394
        ],
        "multi_objective_spread": [
            1.60724997515533
        ],
        "coverage": [
            0.24793388429752067
        ],
        "coverage_pso": [
            0.26
        ],
        "coverage_aco": [
            0.18181818181818182
        ],
        "coverage_nsga": [
            0.4
        ],
        "runtimes": [
            5.01184606552124
        ]
    },
    "PSO": {
        "normalized_hypervolume": [
            87.0
        ],
        "absolute_hypervolume": [
            151193.72298378404
        ],
        "spread": [
            10142.85870253265
        ],
        "multi_objective_spread": [
            1.434477917114956
        ],
        "coverage": [
            0.10743801652892562
        ],
        "coverage_hho": [
            0.04
        ],
        "coverage_aco": [
            0.45454545454545453
        ],
        "coverage_nsga": [
            0.6
        ],
        "runtimes": [
            5.0046703815460205
        ]
    },
    "MOACO": {
        "normalized_hypervolume": [
            91.60000000000001
        ],
        "absolute_hypervolume": [
            131368.0754846849
        ],
        "spread": [
            4818.182118843463
        ],
        "multi_objective_spread": [
            0.8842871448721757
        ],
        "coverage": [
            0.12380952380952381
        ],
        "coverage_pso": [
            0.22
        ],
        "coverage_hho": [
            0.03
        ],
        "coverage_nsga": [
            0.2
        ],
        "runtimes": [
            5.022669553756714
        ]
    },
    "NSGAII": {
        "normalized_hypervolume": [
            66.9
        ],
        "absolute_hypervolume": [
            105798.54880360377
        ],
        "spread": [
            8220.007993067544
        ],
        "multi_objective_spread": [
            1.0047917981908794
        ],
        "coverage": [
            0.12037037037037036
        ],
        "coverage_pso": [
            0.22
        ],
        "coverage_hho": [
            0.03
        ],
        "coverage_aco": [
            0.09090909090909091
        ],
        "runtimes": [
            5.002562522888184
        ]
    },
    "SPEA2": {
        "normalized_hypervolume": [
            94.80000000000001
        ],
        "absolute_hypervolume": [
            91716.78048648663
        ],
        "spread": [
            1160.027206526576
        ],
        "multi_objective_spread": [
            0.9067916355843674
        ],
        "coverage": [
            0.023148148148148147
        ],
        "coverage_pso": [],
        "coverage_hho": [],
        "coverage_aco": [],
        "runtimes": [
            5.0027382373809814
        ]
    },
    "Generational_Distance": {
        "MOHHO": [
            20.64362864378014
        ],
        "PSO": [
            1740.0001265332912
        ],
        "MOACO": [
            82.05027651470067
        ],
        "NSGAII": [
            60.35258873043564
        ],
        "SPEA2": [
            4.0112344475069595
        ]
    }
}