{
    "MOHHO": {
        "best_makespan": [
            34.0,
            34.0,
            34.0,
            34.0,
            34.5
        ],
        "normalized_hypervolume": [
            84.39999999999999,
            81.80000000000001,
            80.40000000000002,
            86.0,
            81.19999999999999
        ],
        "absolute_hypervolume": [
            79.60000000000001,
            76.1,
            77.10000000000001,
            79.4,
            73.5
        ],
        "spread": [
            5699.659154827374,
            5970.9875042646345,
            3051.075958226728,
            4172.10770391033,
            3596.900036409161
        ],
        "multi_objective_spread": [
            1.3084840295402305,
            1.30200087957522,
            1.385722729434003,
            1.1241279100627404,
            1.2901925940408945
        ],
        "coverage": [
            0.24193548387096775,
            0.03333333333333333,
            0.22413793103448276,
            0.3333333333333333,
            0.59
        ],
        "coverage_pso": [
            0.22,
            0.0,
            0.18,
            0.28,
            0.22
        ],
        "coverage_aco": [
            0.3333333333333333,
            0.2,
            0.5,
            0.7142857142857143,
            0.96
        ],
        "runtimes": [
            15.991155862808228,
            14.02295708656311,
            17.770724296569824,
            15.341986894607544,
            18.336066961288452
        ]
    },
    "PSO": {
        "best_makespan": [
            34.0,
            34.0,
            34.0,
            34.0,
            34.0
        ],
        "normalized_hypervolume": [
            85.1,
            86.2,
            87.3,
            87.30000000000001,
            89.99999999999999
        ],
        "absolute_hypervolume": [
            84.1,
            82.1,
            80.4,
            80.9,
            83.1
        ],
        "spread": [
            5426.71485163521,
            4144.234261543002,
            4707.445938934019,
            3398.8677152922414,
            3779.94618620165
        ],
        "multi_objective_spread": [
            1.1141504852466735,
            1.1278279180119946,
            1.146007325884304,
            1.0815786262265787,
            1.129016014261734
        ],
        "coverage": [
            0.46774193548387094,
            0.9,
            0.3620689655172414,
            0.7017543859649122,
            0.69
        ],
        "coverage_hho": [
            0.36,
            0.94,
            0.28,
            0.68,
            0.4
        ],
        "coverage_aco": [
            0.9166666666666666,
            0.7,
            0.875,
            0.8571428571428571,
            0.98
        ],
        "runtimes": [
            25.33713722229004,
            23.136680603027344,
            26.26437497138977,
            25.391600847244263,
            27.187708377838135
        ]
    },
    "MOACO": {
        "best_makespan": [
            34.0,
            34.0,
            34.0,
            34.0,
            34.0
        ],
        "normalized_hypervolume": [
            90.2,
            85.8,
            93.5,
            87.2,
            85.9
        ],
        "absolute_hypervolume": [
            59.099999999999994,
            65.4,
            58.099999999999994,
            64.9,
            63.4
        ],
        "spread": [
            2756.065681781768,
            4724.448604499785,
            2148.5753143670363,
            3927.6215265239416,
            783.3165074645648
        ],
        "multi_objective_spread": [
            1.0595008537822792,
            1.0010884839527832,
            0.9502726933259157,
            0.926595100515299,
            1.297439435891773
        ],
        "coverage": [
            0.05,
            0.06,
            0.05,
            0.0,
            0.0
        ],
        "coverage_pso": [
            0.02,
            0.0,
            0.08,
            0.0,
            0.0
        ],
        "coverage_hho": [
            0.08,
            0.12,
            0.02,
            0.0,
            0.0
        ],
        "runtimes": [
            79.20299863815308,
            72.24233078956604,
            76.17332577705383,
            69.7786500453949,
            69.92832279205322
        ]
    },
    "Baseline": {
        "makespan": [
            67.0,
            67.0,
            67.0,
            67.0,
            67.0
        ]
    },
    "Generational_Distance": {
        "MOHHO": [
            591.123929956286,
            797.8792539508388,
            181.5484676386151,
            113.01034018537186,
            72.84850284110752
        ],
        "PSO": [
            74.50729538847027,
            66.43600072252514,
            79.15033815421114,
            97.1688378978072,
            56.14382885842958
        ],
        "MOACO": [
            191.97069611155516,
            191.52136537197134,
            365.4752874174139,
            132.50726252785867,
            119.75393142750391
        ]
    }
}