{
    "MOHHO": {
        "best_makespan": [
            267.73809523809524,
            272.38095238095235,
            278.45238095238096,
            270.17006802721085,
            278.45238095238096,
            287.73809523809524,
            278.45238095238096,
            309.5238095238095,
            259.04761904761904,
            275.2551020408163
        ],
        "normalized_hypervolume": [
            65.0,
            53.0,
            62.0,
            50.0,
            54.0,
            49.0,
            61.0,
            56.99999999999999,
            45.0,
            62.0
        ],
        "spread": [
            4612.29653295082,
            4949.042501115753,
            4711.982785239644,
            4371.780123516768,
            6508.731197693538,
            4696.43614262873,
            5367.743667530312,
            5530.717546531752,
            4417.714739417521,
            5376.699392966966
        ]
    },
    "PSO": {
        "best_makespan": [
            263.0952380952381,
            278.45238095238096,
            274.70238095238096,
            278.45238095238096,
            259.77891156462584,
            274.70238095238096,
            267.2222222222222,
            266.19047619047615,
            278.45238095238096,
            267.73809523809524
        ],
        "normalized_hypervolume": [
            51.0,
            57.99999999999999,
            67.0,
            51.0,
            67.0,
            56.99999999999999,
            51.0,
            68.0,
            62.0,
            65.0
        ],
        "spread": [
            5119.930937497977,
            3801.1477955835235,
            3633.158653481019,
            4569.007523099155,
            4968.6269791744935,
            6107.685807618542,
            5910.4951102380965,
            4196.447654719041,
            3983.9708921149677,
            3344.9480209607527
        ]
    },
    "MOACO": {
        "best_makespan": [
            259.77891156462584,
            278.45238095238096,
            267.73809523809524,
            267.73809523809524,
            278.45238095238096,
            274.70238095238096,
            278.45238095238096,
            278.45238095238096,
            278.45238095238096,
            274.70238095238096
        ],
        "normalized_hypervolume": [
            82.0,
            83.0,
            82.0,
            85.0,
            87.0,
            82.0,
            83.0,
            87.0,
            76.0,
            86.00000000000001
        ],
        "spread": [
            755.8495650564556,
            1095.0651450119442,
            861.9571237529333,
            1437.7888589611498,
            757.4449876116723,
            987.324925437642,
            1182.8374872077181,
            1161.9629399956036,
            1079.31326259784,
            1122.3332856930983
        ]
    },
    "Baseline": {
        "makespan": [
            517.5,
            517.5,
            517.5,
            517.5,
            517.5,
            517.5,
            517.5,
            517.5,
            517.5,
            517.5
        ]
    },
    "Generational_Distance": {
        "MOHHO": [
            40.22320383580839,
            48.16512843675596,
            57.901796697553564,
            24.477485775003856,
            22.049132267010712,
            36.848807992415914,
            70.34805285829441,
            59.26647835712203,
            49.022371969354964,
            79.49203174942198
        ],
        "PSO": [
            28.521793298694973,
            90.74897713368173,
            35.87710551714063,
            70.63254015969169,
            42.58870122974011,
            44.70788104912104,
            54.057766508596835,
            34.77209532659723,
            80.19464341111649,
            33.014796490286216
        ],
        "MOACO": [
            0.14260204081719963,
            0.12381003662342874,
            0.1160714285714289,
            0.24762005493647224,
            1.5313616206319662,
            0.2697278911570459,
            3.775317217152785,
            1.3497312407796236,
            1.4823980619794037,
            0.36258503401360825
        ]
    }
}