{
    "MOHHO": {
        "best_makespan": [
            270.83333333333326,
            266.19047619047615,
            259.77891156462584,
            259.77891156462584,
            278.45238095238096
        ],
        "normalized_hypervolume": [
            47.0,
            51.0,
            47.0,
            51.0,
            39.0
        ],
        "absolute_hypervolume": [
            46.650000000000006,
            47.69,
            49.59,
            48.42,
            43.37
        ],
        "spread": [
            6524.5628794126915,
            6389.501969397766,
            6704.6073640054665,
            6511.932940118189,
            6648.2154143766975
        ]
    },
    "PSO": {
        "best_makespan": [
            259.77891156462584,
            259.77891156462584,
            259.77891156462584,
            259.77891156462584,
            257.29166666666663
        ],
        "normalized_hypervolume": [
            48.0,
            49.0,
            56.00000000000001,
            49.0,
            57.99999999999999
        ],
        "absolute_hypervolume": [
            51.0,
            49.26,
            48.91,
            49.4,
            50.55
        ],
        "spread": [
            6036.914144477224,
            6139.398220948893,
            6201.406536931911,
            5887.556255667357,
            5890.801369659508
        ]
    },
    "MOACO": {
        "best_makespan": [
            259.77891156462584,
            267.73809523809524,
            263.0952380952381,
            278.45238095238096,
            278.45238095238096
        ],
        "normalized_hypervolume": [
            79.0,
            91.0,
            74.0,
            88.0,
            89.0
        ],
        "absolute_hypervolume": [
            26.090000000000003,
            25.4,
            31.56,
            15.76,
            21.11
        ],
        "spread": [
            1541.1990109921442,
            1447.0077241568663,
            1879.251984180732,
            1232.0835514450791,
            1547.1776405581736
        ]
    },
    "Baseline": {
        "makespan": [
            517.5,
            517.5,
            517.5,
            517.5,
            517.5
        ]
    },
    "Generational_Distance": {
        "MOHHO": [
            38.48835886728991,
            46.74645923126303,
            33.19867611859294,
            51.53042530045088,
            87.39204439424358
        ],
        "PSO": [
            13.743989097287063,
            11.859061243338815,
            15.182536743419782,
            17.300692311082376,
            24.992230312283965
        ],
        "MOACO": [
            1.265562211675193,
            4.164047896455359,
            10.098003251786686,
            0.598045325205961,
            1.942093702620778
        ]
    }
}