{
    "MOHHO": {
        "best_makespan": [
<<<<<<< HEAD
            545.5,
            547.0
        ],
        "normalized_hypervolume": [
            52.800000000000004,
            41.3
        ],
        "absolute_hypervolume": [
            46.9,
            42.8
        ],
        "spread": [
            179905.0608873092,
            217512.03170648258
        ],
        "multi_objective_spread": [
            1.1309844020058444,
            1.1827362728418498
        ],
        "coverage": [
            0.6428571428571429,
            0.1111111111111111
        ],
        "coverage_pso": [
            0.6,
            0.11764705882352941
        ],
        "coverage_aco": [
            0.75,
            0.09090909090909091
        ],
        "runtimes": [
            39.29901170730591,
            37.51179599761963
=======
            124.0,
            126.5
        ],
        "normalized_hypervolume": [
            85.6,
            80.7
        ],
        "absolute_hypervolume": [
            64.5,
            50.1
        ],
        "spread": [
            24644.427685155883,
            37065.79302206966
        ],
        "multi_objective_spread": [
            0.99933523262403,
            1.0370317267395042
        ],
        "coverage": [
            0.36507936507936506,
            0.2
        ],
        "coverage_pso": [
            0.2,
            0.06
        ],
        "coverage_aco": [
            1.0,
            0.9
        ],
        "runtimes": [
            180.39487290382385,
            181.24111032485962
>>>>>>> 1233d1a417d059c3b4e3894954d3e397222b38eb
        ]
    },
    "PSO": {
        "best_makespan": [
<<<<<<< HEAD
            536.0,
            535.5
        ],
        "normalized_hypervolume": [
            64.5,
            72.3
        ],
        "absolute_hypervolume": [
            41.5,
            42.1
        ],
        "spread": [
            107662.71591451718,
            133740.4923043047
        ],
        "multi_objective_spread": [
            1.14296410386651,
            1.1477427519559553
        ],
        "coverage": [
            0.3787878787878788,
            0.375
        ],
        "coverage_hho": [
            0.2,
            0.28888888888888886
        ],
        "coverage_aco": [
            0.9375,
            0.7272727272727273
        ],
        "runtimes": [
            37.21102237701416,
            33.52398347854614
=======
            121.0,
            121.0
        ],
        "normalized_hypervolume": [
            86.0,
            87.60000000000001
        ],
        "absolute_hypervolume": [
            78.4,
            80.30000000000001
        ],
        "spread": [
            26811.286493615764,
            23553.372783968527
        ],
        "multi_objective_spread": [
            1.054220129263554,
            0.9423267094830953
        ],
        "coverage": [
            0.8253968253968254,
            0.8
        ],
        "coverage_hho": [
            0.78,
            0.76
        ],
        "coverage_aco": [
            1.0,
            1.0
        ],
        "runtimes": [
            180.01282405853271,
            180.86600518226624
>>>>>>> 1233d1a417d059c3b4e3894954d3e397222b38eb
        ]
    },
    "MOACO": {
        "best_makespan": [
<<<<<<< HEAD
            556.5,
            553.5
        ],
        "normalized_hypervolume": [
            80.5,
            80.69999999999999
        ],
        "absolute_hypervolume": [
            30.599999999999998,
            34.300000000000004
        ],
        "spread": [
            78187.43277756084,
            72534.51665589106
        ],
        "multi_objective_spread": [
            0.8708301728249106,
            0.8912200373698989
=======
            133.5,
            137.0
        ],
        "normalized_hypervolume": [
            78.5,
            82.1
        ],
        "absolute_hypervolume": [
            22.7,
            19.7
        ],
        "spread": [
            8450.522983131732,
            11210.672281516881
        ],
        "multi_objective_spread": [
            0.9006541421413273,
            0.8976555037509723
>>>>>>> 1233d1a417d059c3b4e3894954d3e397222b38eb
        ],
        "coverage": [
            0.0,
            0.11392405063291139
        ],
        "coverage_pso": [
            0.0,
            0.0
        ],
        "coverage_hho": [
            0.0,
            0.2
        ],
        "runtimes": [
<<<<<<< HEAD
            570.3192615509033,
            569.52476811409
=======
            187.6243233680725,
            183.05072689056396
>>>>>>> 1233d1a417d059c3b4e3894954d3e397222b38eb
        ]
    },
    "Baseline": {
        "makespan": [
<<<<<<< HEAD
            1090.0,
            1090.0
=======
            146.5,
            146.5
        ]
    },
    "NSGAII": {
        "best_makespan": [
            121.0,
            121.0
        ],
        "normalized_hypervolume": [
            91.2,
            92.20000000000002
        ],
        "absolute_hypervolume": [
            90.10000000000001,
            91.3
        ],
        "spread": [
            17764.272410979353,
            17764.272410979353
        ],
        "multi_objective_spread": [
            1.1076303844585478,
            1.1076303844585478
        ],
        "coverage": [],
        "runtimes": [
            159.60630440711975,
            152.56415629386902
>>>>>>> 1233d1a417d059c3b4e3894954d3e397222b38eb
        ]
    },
    "Generational_Distance": {
        "MOHHO": [
<<<<<<< HEAD
            2257.702188441841,
            2234.221723839413
        ],
        "PSO": [
            6670.953257581283,
            2128.972773559439
        ],
        "MOACO": [
            4989.407400885281,
            5181.404904587728
=======
            933.6362714063005,
            4329.0925326562565
        ],
        "PSO": [
            1219.4389512031485,
            1000.2705738707684
        ],
        "MOACO": [
            2171.811414507617,
            3136.3554934808735
        ],
        "NSGAII": [
            4.865635254450162,
            4.865635254450162
>>>>>>> 1233d1a417d059c3b4e3894954d3e397222b38eb
        ]
    }
}