{
    "MOHHO": {
        "best_makespan": [
            310.0684523809524
        ],
        "normalized_hypervolume": [
            30.0
        ],
        "spread": [
            11516.100509943102
        ]
    },
    "PSO": {
        "best_makespan": [
            305.6909013605442
        ],
        "normalized_hypervolume": [
            33.0
        ],
        "spread": [
            10793.710757976949
        ]
    },
    "MOACO": {
        "best_makespan": [
            305.6909013605442
        ],
        "normalized_hypervolume": [
            56.99999999999999
        ],
        "spread": [
            7560.558361355729
        ]
    },
    "Baseline": {
        "makespan": [
            604.8125
        ]
    },
    "Generational_Distance": {
        "MOHHO": [
            334.28445231860366
        ],
        "PSO": [
            4.990118409575124
        ],
        "MOACO": [
            42.14088949637838
        ]
    }
}