{
    "MOHHO": {
        "best_makespan": [
            37.5
        ],
        "normalized_hypervolume": [
            67.0
        ],
        "spread": [
            2640.0116274180828
        ]
    },
    "PSO": {
        "best_makespan": [
            44.0
        ],
        "normalized_hypervolume": [
            43.99999999999999
        ],
        "spread": [
            6277.821236895064
        ]
    },
    "MOACO": {
        "best_makespan": [
            37.0
        ],
        "normalized_hypervolume": [
            75.0
        ],
        "spread": [
            3128.5902825245803
        ]
    },
    "Baseline": {
        "makespan": [
            67.5
        ]
    },
    "Generational_Distance": {
        "MOHHO": [
            73.33338083641009
        ],
        "PSO": [
            181.44156750182694
        ],
        "MOACO": [
            0.0
        ]
    }
}