{
    "MOHHO": {
        "best_makespan": [
            69.5
        ],
        "normalized_hypervolume": [
            60.0
        ],
        "absolute_hypervolume": [
            43.1
        ],
        "spread": [
            17343.709633208386
        ],
        "multi_objective_spread": [
            1.0907000062520789
        ],
        "coverage": [
            0.13636363636363635
        ],
        "coverage_pso": [
            0.0851063829787234
        ],
        "coverage_aco": [
            0.2631578947368421
        ],
        "runtimes": [
            11.225435972213745
        ]
    },
    "PSO": {
        "best_makespan": [
            67.0
        ],
        "normalized_hypervolume": [
            81.3
        ],
        "absolute_hypervolume": [
            76.1
        ],
        "spread": [
            10644.737238046768
        ],
        "multi_objective_spread": [
            1.043933406272062
        ],
        "coverage": [
            0.8260869565217391
        ],
        "coverage_hho": [
            0.78
        ],
        "coverage_aco": [
            0.9473684210526315
        ],
        "runtimes": [
            17.698673248291016
        ]
    },
    "MOACO": {
        "best_makespan": [
            68.0
        ],
        "normalized_hypervolume": [
            81.8
        ],
        "absolute_hypervolume": [
            61.8
        ],
        "spread": [
            6923.042909342319
        ],
        "multi_objective_spread": [
            0.8772077437373831
        ],
        "coverage": [
            0.30927835051546393
        ],
        "coverage_pso": [
            0.0
        ],
        "coverage_hho": [
            0.6
        ],
        "runtimes": [
            77.3932638168335
        ]
    },
    "Baseline": {
        "makespan": [
            76.5
        ]
    },
    "Generational_Distance": {
        "MOHHO": [
            2065.1338337402785
        ],
        "PSO": [
            11.916179038659676
        ],
        "MOACO": [
            452.72117129875846
        ]
    }
}