{
    "MOHHO": {
        "best_makespan": [
            310.0684523809524
        ],
        "normalized_hypervolume": [
            30.0
        ],
        "spread": [
            4315.414452001402,
            5601.528457073768,
            5193.242798799924,
            5130.502906102667,
            4896.722465851374
        ],
        "multi_objective_spread": [
            0.9472363996709879,
            1.024907711462605,
            1.0260355181690295,
            1.3226152480226736,
            1.1860291479542129
        ],
        "coverage": [
            0.08,
            0.02,
            0.0,
            0.05,
            0.02
        ]
    },
    "PSO": {
        "best_makespan": [
            305.6909013605442
        ],
        "normalized_hypervolume": [
            33.0
        ],
        "spread": [
            3875.8938069955975,
            4690.2712834117365,
            5886.119660674532,
            5297.471181763321,
            4806.219810263543
        ],
        "multi_objective_spread": [
            1.0857737992550955,
            0.9145919229427331,
            0.9629684503088095,
            0.938366476435396,
            0.9675594336247082
        ],
        "coverage": [
            0.52,
            0.31,
            0.63,
            0.12,
            0.22
        ]
    },
    "MOACO": {
        "best_makespan": [
            305.6909013605442
        ],
        "normalized_hypervolume": [
            56.99999999999999
        ],
        "spread": [
            1390.108840926514,
            1257.4760941457234,
            1126.1142727335537,
            963.4299871538034,
            852.3417242284153
        ],
        "multi_objective_spread": [
            1.0556108986008284,
            0.9585320000741536,
            1.0111897948225614,
            1.040243632634982,
            1.0037564723571408
        ],
        "coverage": [
            0.06,
            0.13,
            0.26,
            0.01,
            0.0
        ]
    },
    "Baseline": {
        "makespan": [
            517.5,
            517.5,
            517.5,
            517.5,
            517.5
        ]
    },
    "Generational_Distance": {
        "MOHHO": [
            334.28445231860366
        ],
        "PSO": [
            4.990118409575124
        ],
        "MOACO": [
            42.14088949637838
        ]
    }
}