{
    "MOHHO": {
        "best_makespan": [
            40.0,
            40.0
        ],
        "normalized_hypervolume": [
            66.10000000000001,
            69.69999999999999
        ],
        "absolute_hypervolume": [
            68.0,
            67.80000000000001
        ],
        "spread": [
            7074.592123693016,
            8802.875986109615
        ],
        "multi_objective_spread": [
            1.1460000755399575,
            1.1119332450041586
        ],
        "coverage": [
            0.2716049382716049,
            0.21333333333333335
        ],
        "coverage_pso": [
            0.12,
            0.04
        ],
        "coverage_aco": [
            0.5161290322580645,
            0.56
        ],
        "runtimes": [
            10.165153741836548,
            10.026512145996094
        ]
    },
    "PSO": {
        "best_makespan": [
            40.0,
            40.0
        ],
        "normalized_hypervolume": [
            72.1,
            74.4
        ],
        "absolute_hypervolume": [
            70.7,
            72.2
        ],
        "spread": [
            8455.68510252926,
            8743.473010437208
        ],
        "multi_objective_spread": [
            1.0443265534537354,
            1.0003121062138742
        ],
        "coverage": [
            0.691358024691358,
            0.6533333333333333
        ],
        "coverage_hho": [
            0.5,
            0.5
        ],
        "coverage_aco": [
            1.0,
            0.96
        ],
        "runtimes": [
            10.096279382705688,
            10.148719549179077
        ]
    },
    "MOACO": {
        "best_makespan": [
            40.0,
            40.0
        ],
        "normalized_hypervolume": [
            73.1,
            74.3
        ],
        "absolute_hypervolume": [
            62.0,
            65.8
        ],
        "spread": [
            6723.097554792939,
            7647.870037732857
        ],
        "multi_objective_spread": [
            0.9308892814684749,
            0.8773872994568431
        ],
        "coverage": [
            0.06,
            0.05
        ],
        "coverage_pso": [
            0.0,
            0.0
        ],
        "coverage_hho": [
            0.12,
            0.1
        ],
        "runtimes": [
            10.314643144607544,
            10.06858777999878
        ]
    },
    "Baseline": {
        "makespan": [
            56.0,
            56.0
        ]
    },
    "NSGAII": {
        "best_makespan": [
            40.0,
            40.0
        ],
        "normalized_hypervolume": [
            78.10000000000001,
            77.2
        ],
        "absolute_hypervolume": [
            76.0,
            75.1
        ],
        "spread": [
            6218.71580152894,
            6218.71580152894
        ],
        "multi_objective_spread": [
            1.1142951259511038,
            1.1142951259511038
        ],
        "coverage": [],
        "runtimes": [
            22.737744331359863,
            20.267091512680054
        ]
    },
    "Generational_Distance": {
        "MOHHO": [
            187.02314563376345,
            422.6748035774346
        ],
        "PSO": [
            451.42296282351674,
            608.611135493316
        ],
        "MOACO": [
            409.4768017861151,
            471.78682540696946
        ],
        "NSGAII": [
            33.21186039533975,
            33.21186039533975
        ]
    }
}