{
    "MOHHO": {
        "best_makespan": [
            310.95238095238096,
            284.421768707483,
            293.92857142857144,
            287.73809523809524,
            319.40476190476187
        ],
        "normalized_hypervolume": [
            58.3,
            51.7,
            42.199999999999996,
            48.4,
            49.0
        ],
        "absolute_hypervolume": [
            35.0,
            40.8,
            32.1,
            38.9,
            39.2
        ],
        "spread": [
            4315.414452001402,
            5601.528457073768,
            5193.242798799924,
            5130.502906102667,
            4896.722465851374
        ],
        "multi_objective_spread": [
            0.9673631213526086,
            1.0107351651182441,
            1.03005950517883,
            1.2781159475049853,
            1.1509540060746295
        ]
    },
    "PSO": {
        "best_makespan": [
            259.77891156462584,
            263.0952380952381,
            259.77891156462584,
            264.6428571428571,
            266.19047619047615
        ],
        "normalized_hypervolume": [
            64.9,
            64.60000000000001,
            53.7,
            56.10000000000001,
            64.9
        ],
        "absolute_hypervolume": [
            39.7,
            44.5,
            48.8,
            44.2,
            48.699999999999996
        ],
        "spread": [
            3875.8938069955975,
            4690.2712834117365,
            5886.119660674532,
            5297.471181763321,
            4806.219810263543
        ],
        "multi_objective_spread": [
            1.0509158781827725,
            0.9393994336082302,
            0.910927982551261,
            0.9304073930227306,
            0.9869353241468147
        ]
    },
    "MOACO": {
        "best_makespan": [
            278.45238095238096,
            278.45238095238096,
            278.45238095238096,
            278.45238095238096,
            278.45238095238096
        ],
        "normalized_hypervolume": [
            86.6,
            83.1,
            83.8,
            84.7,
            88.9
        ],
        "absolute_hypervolume": [
            21.7,
            21.4,
            22.1,
            19.3,
            15.4
        ],
        "spread": [
            1390.108840926514,
            1257.4760941457234,
            1126.1142727335537,
            963.4299871538034,
            852.3417242284153
        ],
        "multi_objective_spread": [
            1.072965148885184,
            1.057103588881286,
            1.0727953991964716,
            1.0730933638387776,
            1.0510819336186061
        ]
    },
    "Baseline": {
        "makespan": [
            517.5,
            517.5,
            517.5,
            517.5,
            517.5
        ]
    },
    "Generational_Distance": {
        "MOHHO": [
            105.63116384031655,
            51.77253653323698,
            94.18111824795558,
            17.656514093701286,
            18.989467168425566
        ],
        "PSO": [
            45.792799162229485,
            30.405596696865906,
            31.57819999645158,
            81.50983520886935,
            26.53069581888737
        ],
        "MOACO": [
            4.2794923771869575,
            0.4211736176731661,
            3.726636286542477,
            0.8158163411826266,
            0.0
        ]
    }
}