{
    "MOHHO": {
        "best_makespan": [
            559.0,
            572.5
        ],
        "normalized_hypervolume": [
            54.800000000000004,
            51.5
        ],
        "absolute_hypervolume": [
            48.699999999999996,
            44.9
        ],
        "spread": [
            545029.7285500874,
            566018.4378785535
        ],
        "multi_objective_spread": [
            1.1004510861163268,
            1.1700999783125476
        ],
        "coverage": [
            0.7142857142857143,
            0.45454545454545453
        ],
        "coverage_pso": [
            0.7142857142857143,
            0.45454545454545453
        ],
        "coverage_aco": [
            0.0,
            0.0
        ],
        "runtimes": [
            51.02582836151123,
            53.946967363357544
        ]
    },
    "PSO": {
        "best_makespan": [
            581.0,
            544.0
        ],
        "normalized_hypervolume": [
            67.60000000000001,
            59.199999999999996
        ],
        "absolute_hypervolume": [
            43.5,
            41.6
        ],
        "spread": [
            454845.0567290103,
            482355.6464195082
        ],
        "multi_objective_spread": [
            1.2052819965149866,
            1.1604947197838702
        ],
        "coverage": [
            0.06818181818181818,
            0.10416666666666667
        ],
        "coverage_hho": [
            0.06818181818181818,
            0.10416666666666667
        ],
        "coverage_aco": [
            0.0,
            0.0
        ],
        "runtimes": [
            41.24331974983215,
            37.44977807998657
        ]
    },
    "MOACO": {
        "best_makespan": [
            null,
            null
        ],
        "normalized_hypervolume": [
            0.0,
            0.0
        ],
        "absolute_hypervolume": [
            0.0,
            0.0
        ],
        "spread": [
            0.0,
            0.0
        ],
        "multi_objective_spread": [
            0.0,
            0.0
        ],
        "coverage": [
            0.0,
            0.0
        ],
        "coverage_pso": [
            0.0,
            0.0
        ],
        "coverage_hho": [
            0.0,
            0.0
        ],
        "runtimes": [
            165.4459936618805,
            169.56312036514282
        ]
    },
    "Baseline": {
        "makespan": [
            1198.5,
            1198.5
        ]
    },
    "Generational_Distance": {
        "MOHHO": [
            3796.469981851625,
            11307.736379007887
        ],
        "PSO": [
            21877.343191550608,
            9826.996943021788
        ],
        "MOACO": [
            null,
            null
        ]
    }
}