{
    "MOHHO": {
        "best_makespan": [
<<<<<<< HEAD
            40.0,
            40.0
        ],
        "normalized_hypervolume": [
            66.10000000000001,
            69.69999999999999
        ],
        "absolute_hypervolume": [
            68.0,
            67.80000000000001
        ],
        "spread": [
            7074.592123693016,
            8802.875986109615
        ],
        "multi_objective_spread": [
            1.1460000755399575,
            1.1119332450041586
        ],
        "coverage": [
            0.2716049382716049,
            0.21333333333333335
        ],
        "coverage_pso": [
            0.12,
            0.04
        ],
        "coverage_aco": [
            0.5161290322580645,
            0.56
        ],
        "runtimes": [
            10.165153741836548,
            10.026512145996094
=======
            122.0,
            121.5
        ],
        "normalized_hypervolume": [
            75.4,
            84.00000000000001
        ],
        "absolute_hypervolume": [
            63.3,
            77.7
        ],
        "spread": [
            40490.607172556374,
            32130.53425747385
        ],
        "multi_objective_spread": [
            1.0153290945076996,
            0.9893249544937586
        ],
        "coverage": [
            0.29508196721311475,
            0.18333333333333332
        ],
        "coverage_pso": [
            0.14,
            0.02
        ],
        "coverage_aco": [
            1.0,
            1.0
        ],
        "runtimes": [
            180.83552479743958,
            180.26837611198425
>>>>>>> 40b5cd33b343f44eb8bfd90a4c5079a10758ba92
        ]
    },
    "PSO": {
        "best_makespan": [
            40.0,
            40.0
        ],
        "normalized_hypervolume": [
<<<<<<< HEAD
            72.1,
            74.4
        ],
        "absolute_hypervolume": [
            70.7,
            72.2
        ],
        "spread": [
            8455.68510252926,
            8743.473010437208
        ],
        "multi_objective_spread": [
            1.0443265534537354,
            1.0003121062138742
        ],
        "coverage": [
            0.691358024691358,
            0.6533333333333333
        ],
        "coverage_hho": [
            0.5,
            0.5
=======
            88.9,
            84.6
        ],
        "absolute_hypervolume": [
            76.9,
            83.6
        ],
        "spread": [
            26115.49524409813,
            30844.996627604152
        ],
        "multi_objective_spread": [
            0.9942672296793509,
            0.8729596670567886
        ],
        "coverage": [
            0.7868852459016393,
            0.9
        ],
        "coverage_hho": [
            0.74,
            0.88
>>>>>>> 40b5cd33b343f44eb8bfd90a4c5079a10758ba92
        ],
        "coverage_aco": [
            1.0,
            0.96
        ],
        "runtimes": [
<<<<<<< HEAD
            10.096279382705688,
            10.148719549179077
=======
            180.91346621513367,
            180.3446946144104
>>>>>>> 40b5cd33b343f44eb8bfd90a4c5079a10758ba92
        ]
    },
    "MOACO": {
        "best_makespan": [
<<<<<<< HEAD
            40.0,
            40.0
        ],
        "normalized_hypervolume": [
            73.1,
            74.3
        ],
        "absolute_hypervolume": [
            62.0,
            65.8
        ],
        "spread": [
            6723.097554792939,
            7647.870037732857
        ],
        "multi_objective_spread": [
            0.9308892814684749,
            0.8773872994568431
=======
            139.0,
            135.5
        ],
        "normalized_hypervolume": [
            92.4,
            88.30000000000001
        ],
        "absolute_hypervolume": [
            20.0,
            22.7
        ],
        "spread": [
            11300.375191625062,
            16091.782289193761
        ],
        "multi_objective_spread": [
            0.9178698556039194,
            0.8185633439996579
>>>>>>> 40b5cd33b343f44eb8bfd90a4c5079a10758ba92
        ],
        "coverage": [
            0.06,
            0.05
        ],
        "coverage_pso": [
            0.0,
            0.0
        ],
        "coverage_hho": [
            0.12,
            0.1
        ],
        "runtimes": [
<<<<<<< HEAD
            10.314643144607544,
            10.06858777999878
=======
            201.2902388572693,
            194.8395185470581
>>>>>>> 40b5cd33b343f44eb8bfd90a4c5079a10758ba92
        ]
    },
    "Baseline": {
        "makespan": [
            56.0,
            56.0
        ]
    },
    "NSGAII": {
        "best_makespan": [
            40.0,
            40.0
        ],
        "normalized_hypervolume": [
<<<<<<< HEAD
            78.10000000000001,
            77.2
        ],
        "absolute_hypervolume": [
            76.0,
            75.1
=======
            93.4,
            94.8
        ],
        "absolute_hypervolume": [
            79.9,
            81.8
>>>>>>> 40b5cd33b343f44eb8bfd90a4c5079a10758ba92
        ],
        "spread": [
            6218.71580152894,
            6218.71580152894
        ],
        "multi_objective_spread": [
<<<<<<< HEAD
            1.1142951259511038,
            1.1142951259511038
        ],
        "coverage": [],
        "runtimes": [
            22.737744331359863,
            20.267091512680054
=======
            1.1051273084265707,
            1.1051273084265707
        ],
        "coverage": [],
        "runtimes": [
            166.6758508682251,
            167.1947271823883
>>>>>>> 40b5cd33b343f44eb8bfd90a4c5079a10758ba92
        ]
    },
    "Generational_Distance": {
        "MOHHO": [
<<<<<<< HEAD
            187.02314563376345,
            422.6748035774346
        ],
        "PSO": [
            451.42296282351674,
            608.611135493316
        ],
        "MOACO": [
            409.4768017861151,
            471.78682540696946
=======
            2069.2987430521985,
            336.8926186186893
        ],
        "PSO": [
            199.7433531756784,
            60.017857708930066
        ],
        "MOACO": [
            285.4251413526406,
            691.5627201438035
>>>>>>> 40b5cd33b343f44eb8bfd90a4c5079a10758ba92
        ],
        "NSGAII": [
            33.21186039533975,
            33.21186039533975
        ]
    }
}