{
    "MOHHO": {
        "best_makespan": [
            259.77891156462584
        ],
        "normalized_hypervolume": [
            44.0
        ],
        "spread": [
            6700.747406170564
        ]
    },
    "PSO": {
        "best_makespan": [
            259.77891156462584
        ],
        "normalized_hypervolume": [
            52.0
        ],
        "spread": [
            6566.007508582674
        ]
    },
    "MOACO": {
        "best_makespan": [
            259.77891156462584
        ],
        "normalized_hypervolume": [
            60.0
        ],
        "spread": [
            5516.285660418696
        ]
    },
    "Baseline": {
        "makespan": [
            517.5
        ]
    },
    "Generational_Distance": {
        "MOHHO": [
            48.72642267099789
        ],
        "PSO": [
            4.839412292338367
        ],
        "MOACO": [
            15.568328706563639
        ]
    }
}