{
    "MOHHO": {
        "best_makespan": [
            34.0,
            34.0
        ],
        "normalized_hypervolume": [
<<<<<<< HEAD
            70.7,
            72.0
        ],
        "absolute_hypervolume": [
            64.60000000000001,
            66.9
        ],
        "spread": [
            5885.053769390008,
            8323.023198211042
        ],
        "multi_objective_spread": [
            1.4743537902925,
            1.374632783688476
        ],
        "coverage": [
            0.06521739130434782,
            0.5087719298245614
        ],
        "coverage_pso": [
            0.04878048780487805,
            0.54
        ],
        "coverage_aco": [
            0.2,
            0.2857142857142857
        ],
        "runtimes": [
            1.2003540992736816,
            1.1197364330291748
=======
            80.3,
            79.70000000000002
        ],
        "absolute_hypervolume": [
            76.8,
            77.4
        ],
        "spread": [
            7520.658243374466,
            5298.874928549588
        ],
        "multi_objective_spread": [
            1.1569009543914635,
            1.1723712702522864
        ],
        "coverage": [
            0.2028985507246377,
            0.13432835820895522
        ],
        "coverage_pso": [
            0.08,
            0.04
        ],
        "coverage_aco": [
            0.5263157894736842,
            0.4117647058823529
        ],
        "runtimes": [
            30.11127519607544,
            30.231735706329346
>>>>>>> 2c9c8a69636fdb8cfb817c7a295824817ca87787
        ]
    },
    "PSO": {
        "best_makespan": [
            34.5,
            34.0
        ],
        "normalized_hypervolume": [
<<<<<<< HEAD
            82.69999999999999,
            83.1
        ],
        "absolute_hypervolume": [
            73.8,
            74.6
        ],
        "spread": [
            4912.551418010146,
            6084.853916886319
        ],
        "multi_objective_spread": [
            1.251533889160866,
            1.414787612842207
        ],
        "coverage": [
            0.36538461538461536,
            0.3157894736842105
        ],
        "coverage_hho": [
            0.3404255319148936,
            0.26
        ],
        "coverage_aco": [
            0.6,
            0.7142857142857143
        ],
        "runtimes": [
            0.4961528778076172,
            0.7348184585571289
=======
            85.30000000000001,
            84.6
        ],
        "absolute_hypervolume": [
            83.0,
            83.6
        ],
        "spread": [
            6161.560846859997,
            6222.652044891252
        ],
        "multi_objective_spread": [
            1.085053906444012,
            1.0856746121954413
        ],
        "coverage": [
            0.6956521739130435,
            0.8059701492537313
        ],
        "coverage_hho": [
            0.64,
            0.8
        ],
        "coverage_aco": [
            0.8421052631578947,
            0.8235294117647058
        ],
        "runtimes": [
            30.06726598739624,
            30.092538595199585
>>>>>>> 2c9c8a69636fdb8cfb817c7a295824817ca87787
        ]
    },
    "MOACO": {
        "best_makespan": [
<<<<<<< HEAD
            34.0,
            34.0
        ],
        "normalized_hypervolume": [
            92.5,
            89.1
        ],
        "absolute_hypervolume": [
            60.3,
            64.1
        ],
        "spread": [
            5344.041330105939,
            4714.28634925302
        ],
        "multi_objective_spread": [
            0.9739370227107692,
            0.8661247616698068
        ],
        "coverage": [
            0.10227272727272728,
            0.13
        ],
        "coverage_pso": [
            0.04878048780487805,
            0.08
        ],
        "coverage_hho": [
            0.14893617021276595,
            0.18
        ],
        "runtimes": [
            3.224153518676758,
            3.5769107341766357
=======
            33.5,
            33.5
        ],
        "normalized_hypervolume": [
            87.39999999999999,
            90.3
        ],
        "absolute_hypervolume": [
            74.3,
            72.8
        ],
        "spread": [
            3345.030298130166,
            5453.831047114914
        ],
        "multi_objective_spread": [
            0.9397551363044535,
            0.9136239477638807
        ],
        "coverage": [
            0.13,
            0.15
        ],
        "coverage_pso": [
            0.06,
            0.04
        ],
        "coverage_hho": [
            0.2,
            0.26
        ],
        "runtimes": [
            30.243597745895386,
            30.104698181152344
>>>>>>> 2c9c8a69636fdb8cfb817c7a295824817ca87787
        ]
    },
    "Baseline": {
        "makespan": [
            65.0,
            65.0
        ]
    },
    "Generational_Distance": {
        "MOHHO": [
<<<<<<< HEAD
            522.131010167148,
            953.6274085332948
        ],
        "PSO": [
            87.80541775325645,
            657.7942982326676
        ],
        "MOACO": [
            536.1195960764802,
            225.72940560465864
=======
            730.0821106575589,
            111.07300926198891
        ],
        "PSO": [
            48.800560675939266,
            54.899858907682365
        ],
        "MOACO": [
            149.84907076571008,
            160.11548878361006
>>>>>>> 2c9c8a69636fdb8cfb817c7a295824817ca87787
        ]
    }
}