{
    "MOHHO": {
        "best_makespan": [
            34.5,
            37.0,
            35.5,
            35.0,
            36.0
        ],
        "normalized_hypervolume": [
            53.5,
            49.0,
            54.50000000000001,
            59.5,
            53.300000000000004
        ],
        "absolute_hypervolume": [
            51.9,
            45.4,
            45.9,
            50.9,
            48.1
        ],
        "spread": [
            8159.925307085487,
            8645.856863202402,
            7580.133338108668,
            6580.853450098701,
            8674.784971859954
        ],
        "multi_objective_spread": [
            0.8243503370526605,
            0.9530734325862878,
            0.9695613014482909,
            0.7877438033356493,
            0.770254782851879
        ],
        "coverage": [
            0.05,
            0.0,
            0.02,
            0.12,
            0.13
        ],
        "coverage_pso": [
            0.1,
            0.0,
            0.02,
            0.18,
            0.2
        ],
        "coverage_aco": [
            0.0,
            0.0,
            0.02,
            0.06,
            0.06
        ]
    },
    "PSO": {
        "best_makespan": [
            35.0,
            36.0,
            34.5,
            34.5,
            36.0
        ],
        "normalized_hypervolume": [
            55.2,
            65.8,
            57.49999999999999,
            58.9,
            54.800000000000004
        ],
        "absolute_hypervolume": [
            51.2,
            44.4,
            54.300000000000004,
            51.7,
            51.0
        ],
        "spread": [
            8561.864152246806,
            6091.628099140352,
            7816.012377449315,
            8040.308597234552,
            7927.229294087498
        ],
        "multi_objective_spread": [
            0.8831372144920326,
            0.9050959970499441,
            0.8319782529772476,
            0.7458280942594476,
            0.7534159188822754
        ],
        "coverage": [
            0.18,
            0.23232323232323232,
            0.21,
            0.14,
            0.17
        ],
        "coverage_hho": [
            0.34,
            0.4,
            0.38,
            0.2,
            0.26
        ],
        "coverage_aco": [
            0.02,
            0.061224489795918366,
            0.04,
            0.08,
            0.08
        ]
    },
    "MOACO": {
        "best_makespan": [
            34.0,
            35.0,
            35.0,
            35.0,
            35.0
        ],
        "normalized_hypervolume": [
            75.9,
            73.5,
            63.2,
            76.7,
            76.1
        ],
        "absolute_hypervolume": [
            42.5,
            43.6,
            46.2,
            45.4,
            45.800000000000004
        ],
        "spread": [
            3940.580820128869,
            3068.6487413260857,
            4616.808750130707,
            4689.801155663515,
            4409.280366692126
        ],
        "multi_objective_spread": [
            0.8508905616402119,
            0.9357498138998266,
            0.9357863716128922,
            0.86979813013645,
            0.9541516658945652
        ],
        "coverage": [
            0.34,
            0.39,
            0.26,
            0.28,
            0.38
        ],
        "coverage_pso": [
            0.38,
            0.42,
            0.26,
            0.38,
            0.38
        ],
        "coverage_hho": [
            0.3,
            0.36,
            0.26,
            0.18,
            0.38
        ]
    },
    "Baseline": {
        "makespan": [
            67.0,
            67.0,
            67.0,
            67.0,
            67.0
        ]
    },
    "Generational_Distance": {
        "MOHHO": [
            38.72255501547869,
            53.20963455697711,
            44.47044265513736,
            42.10950407135852,
            65.9914759477181
        ],
        "PSO": [
            41.50480071514683,
            39.4857534967231,
            55.397949623366934,
            35.104696269526166,
            43.33903296537175
        ],
        "MOACO": [
            56.54303228075049,
            1.1961714961866192,
            60.20716711286641,
            34.78025755231806,
            83.48057850743882
        ]
    }
}