{
    "MOHHO": {
        "best_makespan": [
            34.0,
            34.0
        ],
        "normalized_hypervolume": [
            80.3,
            79.70000000000002
        ],
        "absolute_hypervolume": [
            76.8,
            77.4
        ],
        "spread": [
            7520.658243374466,
            5298.874928549588
        ],
        "multi_objective_spread": [
            1.1569009543914635,
            1.1723712702522864
        ],
        "coverage": [
            0.2028985507246377,
            0.13432835820895522
        ],
        "coverage_pso": [
            0.08,
            0.04
        ],
        "coverage_aco": [
            0.5263157894736842,
            0.4117647058823529
        ],
        "runtimes": [
            30.11127519607544,
            30.231735706329346
        ]
    },
    "PSO": {
        "best_makespan": [
            33.5,
            33.5
        ],
        "normalized_hypervolume": [
            85.30000000000001,
            84.6
        ],
        "absolute_hypervolume": [
            83.0,
            83.6
        ],
        "spread": [
            6161.560846859997,
            6222.652044891252
        ],
        "multi_objective_spread": [
            1.085053906444012,
            1.0856746121954413
        ],
        "coverage": [
            0.6956521739130435,
            0.8059701492537313
        ],
        "coverage_hho": [
            0.64,
            0.8
        ],
        "coverage_aco": [
            0.8421052631578947,
            0.8235294117647058
        ],
        "runtimes": [
            30.06726598739624,
            30.092538595199585
        ]
    },
    "MOACO": {
        "best_makespan": [
            33.5,
            33.5
        ],
        "normalized_hypervolume": [
            87.39999999999999,
            90.3
        ],
        "absolute_hypervolume": [
            74.3,
            72.8
        ],
        "spread": [
            3345.030298130166,
            5453.831047114914
        ],
        "multi_objective_spread": [
            0.9397551363044535,
            0.9136239477638807
        ],
        "coverage": [
            0.13,
            0.15
        ],
        "coverage_pso": [
            0.06,
            0.04
        ],
        "coverage_hho": [
            0.2,
            0.26
        ],
        "runtimes": [
            30.243597745895386,
            30.104698181152344
        ]
    },
    "Baseline": {
        "makespan": [
            65.0,
            65.0
        ]
    },
    "Generational_Distance": {
        "MOHHO": [
            730.0821106575589,
            111.07300926198891
        ],
        "PSO": [
            48.800560675939266,
            54.899858907682365
        ],
        "MOACO": [
            149.84907076571008,
            160.11548878361006
        ]
    }
}