{
    "MOHHO": {
        "best_makespan": [
            263.69047619047615,
            267.73809523809524,
            278.45238095238096,
            267.5170068027211,
            259.77891156462584
        ],
        "normalized_hypervolume": [
            44.199999999999996,
            47.19999999999999,
            49.5,
            53.5,
            53.7
        ],
        "absolute_hypervolume": [
            46.400000000000006,
            49.3,
            43.8,
            45.5,
            50.6
        ],
        "spread": [
            6230.881658209811,
            6666.150273364726,
            6690.020648843822,
            4774.817691020339,
            5528.228393613687
        ],
        "multi_objective_spread": [
            0.7274688041319536,
            0.7739894928566818,
            0.8324584770036848,
            0.9265744212852441,
            0.9091062053926615
        ],
        "coverage": [
            0.02,
            0.05,
            0.04,
            0.04,
            0.19
        ],
        "coverage_pso": [
            0.0,
            0.04,
            0.04,
            0.02,
            0.08
        ],
        "coverage_aco": [
            0.04,
            0.06,
            0.04,
            0.06,
            0.3
        ]
    },
    "PSO": {
        "best_makespan": [
            259.77891156462584,
            263.0952380952381,
            259.77891156462584,
            259.77891156462584,
            263.0952380952381
        ],
        "normalized_hypervolume": [
            53.900000000000006,
            54.300000000000004,
            60.3,
            63.4,
            55.2
        ],
        "absolute_hypervolume": [
            48.9,
            48.3,
            50.5,
            48.9,
            51.4
        ],
        "spread": [
            5171.598412062901,
            5584.893625030716,
            5364.965607543115,
            4807.98365887357,
            5907.874144804237
        ],
        "multi_objective_spread": [
            0.8234423794558574,
            0.7887361910908609,
            0.9221541589413175,
            0.8405534505281068,
            0.8131230932908347
        ],
        "coverage": [
            0.47,
            0.25,
            0.35,
            0.2,
            0.21
        ],
        "coverage_hho": [
            0.44,
            0.28,
            0.4,
            0.24,
            0.06
        ],
        "coverage_aco": [
            0.5,
            0.22,
            0.3,
            0.16,
            0.36
        ]
    },
    "MOACO": {
        "best_makespan": [
            259.77891156462584,
            263.0952380952381,
            259.77891156462584,
            259.77891156462584,
            263.0952380952381
        ],
        "normalized_hypervolume": [
            67.7,
            65.7,
            55.60000000000001,
            70.6,
            67.0
        ],
        "absolute_hypervolume": [
            40.0,
            40.8,
            41.6,
            44.3,
            41.099999999999994
        ],
        "spread": [
            3337.090113616021,
            2858.3814121896253,
            3202.0572702096006,
            3507.8699705247095,
            2834.301166181283
        ],
        "multi_objective_spread": [
            0.8947985122935918,
            0.957837528101756,
            0.9700543267282239,
            0.9260394513052601,
            0.9409460169819822
        ],
        "coverage": [
            0.08,
            0.1,
            0.26,
            0.13,
            0.01
        ],
        "coverage_pso": [
            0.04,
            0.04,
            0.24,
            0.12,
            0.02
        ],
        "coverage_hho": [
            0.12,
            0.16,
            0.28,
            0.14,
            0.0
        ]
    },
    "Baseline": {
        "makespan": [
            517.5,
            517.5,
            517.5,
            517.5,
            517.5
        ]
    },
    "Generational_Distance": {
        "MOHHO": [
            68.80927155896728,
            30.796001654509674,
            69.02166506721795,
            33.355581211101864,
            9.77591052474678
        ],
        "PSO": [
            13.710377374842446,
            27.36199674706622,
            20.95653839243502,
            15.63191855436711,
            16.346135330458505
        ],
        "MOACO": [
            44.20921819589697,
            15.089844113766098,
            14.430650754535314,
            15.660144451229705,
            41.555371776463716
        ]
    }
}