{
    "MOHHO": {
        "best_makespan": [
            259.77891156462584
        ],
        "hypervolume": [
            0.0
        ],
        "spread": [
            5034.310239216062
        ]
    },
    "PSO": {
        "best_makespan": [
            280.0
        ],
        "hypervolume": [
            0.0
        ],
        "spread": [
            3100.712195123412
        ]
    },
    "MOACO": {
        "best_makespan": [
            278.45238095238096
        ],
        "hypervolume": [
            0.0
        ],
        "spread": [
            738.9401132771225
        ]
    },
    "Baseline": {
        "makespan": [
            517.5
        ]
    },
    "Generational_Distance": {
        "MOHHO": [
            14.21415118017337
        ],
        "PSO": [
            5.838135979285059
        ],
        "MOACO": [
            0.0
        ]
    }
}