{
    "MOHHO": {
        "best_makespan": [
            270.8333333333333,
            278.45238095238096,
            267.73809523809524,
            274.70238095238096,
            278.45238095238096
        ],
        "normalized_hypervolume": [
            48.99999999999999,
            48.5,
            47.4,
            54.0,
            50.1
        ],
        "absolute_hypervolume": [
            45.9,
            42.4,
            47.9,
            47.8,
            43.6
        ],
        "spread": [
            5790.257961304651,
            6001.055878963268,
            6862.175262846992,
            6330.771676455565,
            6325.540083485001
        ],
        "multi_objective_spread": [
            0.7603046078723823,
            0.7986964473500547,
            0.7416925565632937,
            0.7271991397890315,
            0.774679792034041
        ],
        "coverage": [
            0.03,
            0.05,
            0.08,
            0.08,
            0.1
        ],
        "coverage_pso": [
            0.06,
            0.08,
            0.1,
            0.04,
            0.2
        ],
        "coverage_aco": [
            0.0,
            0.02,
            0.06,
            0.12,
            0.0
        ]
    },
    "PSO": {
        "best_makespan": [
            263.0952380952381,
            259.77891156462584,
            267.73809523809524,
            259.77891156462584,
            263.0952380952381
        ],
        "normalized_hypervolume": [
            58.599999999999994,
            67.80000000000001,
            61.199999999999996,
            63.4,
            63.0
        ],
        "absolute_hypervolume": [
            48.5,
            41.5,
            43.7,
            49.4,
            44.9
        ],
        "spread": [
            5125.197343574696,
            3851.074483377007,
            4007.989795666626,
            4872.1117984353405,
            4611.156342988544
        ],
        "multi_objective_spread": [
            0.8417174880769155,
            0.7970655627050426,
            0.8934656621788487,
            0.8247144153548067,
            0.8476688968368112
        ],
        "coverage": [
            0.33,
            0.11,
            0.14,
            0.2,
            0.41
        ],
        "coverage_hho": [
            0.46,
            0.18,
            0.14,
            0.12,
            0.38
        ],
        "coverage_aco": [
            0.2,
            0.04,
            0.14,
            0.28,
            0.44
        ]
    },
    "MOACO": {
        "best_makespan": [
            259.77891156462584,
            259.77891156462584,
            263.0952380952381,
            274.70238095238096,
            263.0952380952381
        ],
        "normalized_hypervolume": [
            64.9,
            68.0,
            56.699999999999996,
            72.8,
            72.7
        ],
        "absolute_hypervolume": [
            38.6,
            40.5,
            43.3,
            35.9,
            42.3
        ],
        "spread": [
            2598.635953452471,
            2797.2901342708633,
            2994.25392742864,
            2675.892466084706,
            3047.0630368032103
        ],
        "multi_objective_spread": [
            0.8965378811218603,
            0.9678038348530961,
            0.9741138169763733,
            0.9248727570882811,
            0.864446646531432
        ],
        "coverage": [
            0.16,
            0.29,
            0.18,
            0.05,
            0.25
        ],
        "coverage_pso": [
            0.08,
            0.38,
            0.16,
            0.06,
            0.12
        ],
        "coverage_hho": [
            0.24,
            0.2,
            0.2,
            0.04,
            0.38
        ]
    },
    "Baseline": {
        "makespan": [
            517.5,
            517.5,
            517.5,
            517.5,
            517.5
        ]
    },
    "Generational_Distance": {
        "MOHHO": [
            62.32612876668095,
            33.31603653868696,
            49.61442994306788,
            26.020808783195513,
            60.058917416586546
        ],
        "PSO": [
            22.37289744080119,
            77.03689458709425,
            30.558984154269876,
            17.13248180792313,
            27.23948007942962
        ],
        "MOACO": [
            14.06860844806497,
            16.28384201122558,
            11.162858493509027,
            21.17147905343381,
            34.65644138683861
        ]
    }
}