{
    "MOHHO": {
        "best_config": {
            "iter": 500,
            "population": 30
        },
        "best_absolute_hypervolume": 2941941.014799932,
        "all_results": {
            "{\"iter\": 500, \"population\": 30}": 2941941.014799932,
            "{\"iter\": 500, \"population\": 25}": 612499.9446361401,
            "{\"iter\": 500, \"population\": 20}": 825762.2486431206
        }
    }
}